temporada;data;data_dmy;equip;competicio;divisio;grup;tipus;seu_club;municipi;precisio;km_anada;km_total;minuts_anada;estat;nota;seu_nominal;tarifa_eur_km;import_km_eur;jugadors;te_dieta;import_dietes_eur;import_total_eur;preu_gasolina_eur_l;setmana_preu;litres;cost_combustible_eur
2014-2015;2014-10-25;25/10/14;"Banyoles ""A""";Lliga Catalana Tres Bandes;1a DIVISIÓ;ÚNIC;regular;C.B.MONTMELÓ;Montmeló;municipi;96.2;192.4;72;verificat;;;0.19;36.56;4;True;100.0;136.56;1.3524;2014-10-20;12.51;16.91
2014-2015;2014-11-22;22/11/14;"Banyoles ""A""";Lliga Catalana Tres Bandes;1a DIVISIÓ;ÚNIC;regular;C.B.MATARÓ;Mataró;carrer;85.9;171.8;68;verificat;;;0.19;32.64;4;True;100.0;132.64;1.3285;2014-11-17;11.17;14.84
2014-2015;2014-12-27;27/12/14;"Banyoles ""A""";Lliga Catalana Tres Bandes;1a DIVISIÓ;ÚNIC;regular;C.B.BARCELONA;Barcelona;portal;117.9;235.8;90;verificat;;;0.19;44.8;4;True;100.0;144.8;1.2176;2014-12-15;15.33;18.66
2014-2015;2015-01-03;03/01/15;"Banyoles ""A""";Lliga Catalana Tres Bandes;1a DIVISIÓ;ÚNIC;regular;C.B.LLEIDA;Lleida;carrer;247.7;495.4;170;verificat;;;0.19;94.13;4;True;100.0;194.13;1.2176;2014-12-15;32.2;39.21
2014-2015;2015-05-09;09/05/15;"Banyoles ""A""";Lliga Catalana Tres Bandes;1a DIVISIÓ;ÚNIC;regular;C.B.SANT ADRIÀ;Sant Adrià de Besòs;portal;112.4;224.8;82;verificat;;;0.19;42.71;4;True;100.0;142.71;1.317;2015-05-04;14.61;19.24
2014-2015;2014-10-04;04/10/14;"Banyoles ""B""";Lliga Catalana Tres Bandes;3a DIVISIÓ;B;regular;C.B.LLINARS;Llinars del Vallès;carrer;77.7;155.4;60;verificat;;;0.19;29.53;4;True;100.0;129.53;1.4019;2014-09-29;10.1;14.16
2014-2015;2014-11-01;01/11/14;"Banyoles ""B""";Lliga Catalana Tres Bandes;3a DIVISIÓ;B;regular;B.C.GRANOLLERS;Granollers;carrer;89.4;178.8;68;verificat;;;0.19;33.97;4;True;100.0;133.97;1.3286;2014-10-27;11.62;15.44
2014-2015;2014-11-29;29/11/14;"Banyoles ""B""";Lliga Catalana Tres Bandes;3a DIVISIÓ;B;regular;S.B.F.MOLINS;Molins de Rei;carrer;124.1;248.2;91;verificat;;;0.19;47.16;4;True;100.0;147.16;1.3082;2014-11-24;16.13;21.11
2014-2015;2015-02-07;07/02/15;"Banyoles ""B""";Lliga Catalana Tres Bandes;3a DIVISIÓ;B;regular;C.B.BLANES;Blanes;carrer;59.3;118.6;53;verificat;;;0.19;22.53;4;True;100.0;122.53;1.1362;2015-02-02;7.71;8.76
2014-2015;2015-03-07;07/03/15;"Banyoles ""B""";Lliga Catalana Tres Bandes;3a DIVISIÓ;B;regular;S.B.LA COLMENA;Santa Coloma de Gramenet;municipi;109.7;219.4;79;verificat;;;0.19;41.69;4;True;100.0;141.69;1.2373;2015-03-02;14.26;17.65
2014-2015;2015-04-25;25/04/15;"Banyoles ""B""";Lliga Catalana Tres Bandes;3a DIVISIÓ;B;regular;C.B.SANT ADRIÀ;Sant Adrià de Besòs;portal;112.4;224.8;82;verificat;;;0.19;42.71;4;True;100.0;142.71;1.2879;2015-04-20;14.61;18.82
2014-2015;2014-11-08;08/11/14;"Banyoles ""C""";Lliga Catalana Tres Bandes;3a DIVISIÓ;E;regular;C.B.MOLLET;Mollet del Vallès;carrer;98.3;196.6;71;verificat;;;0.19;37.35;4;True;100.0;137.35;1.3318;2014-11-03;12.78;17.02
2014-2015;2014-12-27;27/12/14;"Banyoles ""C""";Lliga Catalana Tres Bandes;3a DIVISIÓ;E;regular;C.B.CANET DE MAR;Canet de Mar;municipi;74.4;148.8;62;verificat;;;0.19;28.27;4;True;100.0;128.27;1.2176;2014-12-15;9.67;11.78
2014-2015;2015-01-10;10/01/15;"Banyoles ""C""";Lliga Catalana Tres Bandes;3a DIVISIÓ;E;regular;C.B.PREMIÀ;Premià de Mar;carrer;97.6;195.2;78;verificat;;;0.19;37.09;4;True;100.0;137.09;1.151;2015-01-05;12.69;14.6
2014-2015;2015-01-24;24/01/15;"Banyoles ""C""";Lliga Catalana Tres Bandes;3a DIVISIÓ;E;regular;S.B.P.E.CENTELLES;Centelles;carrer;108.3;216.6;82;verificat;;;0.19;41.15;4;True;100.0;141.15;1.1173;2015-01-19;14.08;15.73
2014-2015;2015-02-21;21/02/15;"Banyoles ""C""";Lliga Catalana Tres Bandes;3a DIVISIÓ;E;regular;C.B.MONFORTE;Barcelona;portal;111.6;223.2;82;verificat;;;0.19;42.41;4;True;100.0;142.41;1.2095;2015-02-16;14.51;17.55
2015-2016;2015-10-17;17/10/15;"Banyoles ""A""";Lliga Catalana Tres Bandes;2a DIVISIÓ;B;regular;C.B.SANTS;Barcelona;portal;120.1;240.2;93;verificat;;;0.19;45.64;4;True;100.0;145.64;1.178;2015-10-12;15.61;18.39
2015-2016;2015-11-14;14/11/15;"Banyoles ""A""";Lliga Catalana Tres Bandes;2a DIVISIÓ;B;regular;C.B.MANRESA;Manresa;carrer;135.4;270.8;99;verificat;;;0.19;51.45;4;True;100.0;151.45;1.1718;2015-11-09;17.6;20.63
2015-2016;2015-11-28;28/11/15;"Banyoles ""A""";Lliga Catalana Tres Bandes;2a DIVISIÓ;B;regular;C.B.BARCELONA;Barcelona;portal;117.9;235.8;90;verificat;;;0.19;44.8;4;True;100.0;144.8;1.1567;2015-11-23;15.33;17.73
2015-2016;2015-12-12;12/12/15;"Banyoles ""A""";Lliga Catalana Tres Bandes;2a DIVISIÓ;B;regular;C.B.MONTMELÓ;Montmeló;municipi;96.2;192.4;72;verificat;;;0.19;36.56;4;True;100.0;136.56;1.1623;2015-12-07;12.51;14.54
2015-2016;2016-01-02;02/01/16;"Banyoles ""A""";Lliga Catalana Tres Bandes;2a DIVISIÓ;B;regular;C.B.ALBA;Badalona;carrer;107.5;215.0;83;verificat;;;0.19;40.85;4;True;100.0;140.85;1.1407;2015-12-14;13.97;15.94
2015-2016;2016-02-13;13/02/16;"Banyoles ""A""";Lliga Catalana Tres Bandes;2a DIVISIÓ;B;regular;S.E.CASAL CERVERA;Cervera;municipi;189.3;378.6;133;verificat;;;0.19;71.93;4;True;100.0;171.93;1.0981;2016-02-08;24.61;27.02
2015-2016;2016-06-18;18/06/16;"Banyoles ""A""";Lliga Catalana Tres Bandes;2a DIVISIÓ;FINAL;final;C.B.VIC;Vic;carrer;88.7;177.4;69;verificat;;;0.19;33.71;4;True;100.0;133.71;1.1858;2016-06-13;11.53;13.67
2015-2016;2015-09-19;19/09/15;"Banyoles ""B""";Lliga Catalana Tres Bandes;3a DIVISIÓ;E;regular;C.B.LLIÇÀ D'AMUNT;Lliçà d'Amunt;carrer;96.6;193.2;75;verificat;;;0.19;36.71;4;True;100.0;136.71;1.1948;2015-09-14;12.56;15.0
2015-2016;2015-10-03;03/10/15;"Banyoles ""B""";Lliga Catalana Tres Bandes;3a DIVISIÓ;E;regular;DANY-ELLS C.B.;Granollers;municipi;90.9;181.8;68;verificat;;;0.19;34.54;4;True;100.0;134.54;1.1748;2015-09-28;11.82;13.88
2015-2016;2015-11-07;07/11/15;"Banyoles ""B""";Lliga Catalana Tres Bandes;3a DIVISIÓ;E;regular;C.B.LLINARS;Llinars del Vallès;carrer;77.7;155.4;60;verificat;;;0.19;29.53;4;True;100.0;129.53;1.1549;2015-11-02;10.1;11.67
2015-2016;2016-01-09;09/01/16;"Banyoles ""B""";Lliga Catalana Tres Bandes;3a DIVISIÓ;E;regular;C.B.VIC;Vic;carrer;88.7;177.4;69;verificat;;;0.19;33.71;4;True;100.0;133.71;1.1324;2016-01-04;11.53;13.06
2015-2016;2016-02-06;06/02/16;"Banyoles ""B""";Lliga Catalana Tres Bandes;3a DIVISIÓ;E;regular;C.B.SANT ADRIÀ;Sant Adrià de Besòs;portal;112.4;224.8;82;verificat;;;0.19;42.71;4;True;100.0;142.71;1.1045;2016-02-01;14.61;16.14
2015-2016;2016-02-27;27/02/16;"Banyoles ""B""";Lliga Catalana Tres Bandes;3a DIVISIÓ;E;regular;C.B.PREMIÀ;Premià de Mar;carrer;97.6;195.2;78;verificat;;;0.19;37.09;4;True;100.0;137.09;1.0696;2016-02-22;12.69;13.57
2016-2017;2016-09-17;17/09/16;"Banyoles ""A""";Lliga Catalana Tres Bandes;1a DIVISIÓ;ÚNIC;regular;C.B.LLEIDA;Lleida;carrer;247.7;495.4;170;verificat;;;0.19;94.13;4;True;100.0;194.13;1.1548;2016-09-12;32.2;37.19
2016-2017;2016-10-29;29/10/16;"Banyoles ""A""";Lliga Catalana Tres Bandes;1a DIVISIÓ;ÚNIC;regular;C.B.MONTMELÓ;Montmeló;municipi;96.2;192.4;72;verificat;;;0.19;36.56;4;True;100.0;136.56;1.1892;2016-10-24;12.51;14.87
2016-2017;2016-12-10;10/12/16;"Banyoles ""A""";Lliga Catalana Tres Bandes;1a DIVISIÓ;ÚNIC;regular;C.B.BARCELONA;Barcelona;portal;117.9;235.8;90;verificat;;;0.19;44.8;4;True;100.0;144.8;1.1842;2016-12-05;15.33;18.15
2016-2017;2017-01-14;14/01/17;"Banyoles ""A""";Lliga Catalana Tres Bandes;1a DIVISIÓ;ÚNIC;regular;DANY-ELLS C.B.;Granollers;municipi;90.9;181.8;68;verificat;;;0.19;34.54;4;True;100.0;134.54;1.2469;2017-01-09;11.82;14.73
2016-2017;2017-02-25;25/02/17;"Banyoles ""A""";Lliga Catalana Tres Bandes;1a DIVISIÓ;ÚNIC;regular;C.B.SANT ADRIÀ;Sant Adrià de Besòs;portal;112.4;224.8;82;verificat;;;0.19;42.71;4;True;100.0;142.71;1.2547;2017-02-20;14.61;18.33
2016-2017;2017-04-29;29/04/17;"Banyoles ""A""";Lliga Catalana Tres Bandes;1a DIVISIÓ;ÚNIC;regular;C.B.SANTS;Barcelona;portal;120.1;240.2;93;verificat;;;0.19;45.64;4;True;100.0;145.64;1.2576;2017-04-24;15.61;19.63
2016-2017;2017-05-06;06/05/17;"Banyoles ""A""";Lliga Catalana Tres Bandes;1a DIVISIÓ;C;regular;S.B.F.MOLINS;Molins de Rei;carrer;124.1;248.2;91;verificat;;;0.19;47.16;4;True;100.0;147.16;1.2395;2017-05-01;16.13;20.0
2016-2017;2017-05-27;27/05/17;"Banyoles ""A""";Lliga Catalana Tres Bandes;1a DIVISIÓ;C;regular;C.B.PUNT D'ATAC;Torredembarra;carrer;192.2;384.4;135;verificat;;;0.19;73.04;4;True;100.0;173.04;1.211;2017-05-22;24.99;30.26
2016-2017;2017-06-17;17/06/17;"Banyoles ""A""";Lliga Catalana Tres Bandes;1a DIVISIÓ;C;regular;C.B.MONFORTE;Barcelona;portal;111.6;223.2;82;verificat;;;0.19;42.41;4;True;100.0;142.41;1.1944;2017-06-12;14.51;17.33
2016-2017;2017-07-02;02/07/17;"Banyoles ""A""";Lliga Catalana Tres Bandes;PROMOCIÓ A 1a;ÚNIC;final;C.B.MATARÓ;Mataró;carrer;85.9;171.8;68;verificat;;;0.19;32.64;4;True;100.0;132.64;1.1722;2017-06-26;11.17;13.09
2016-2017;2016-09-17;17/09/16;"Banyoles ""B""";Lliga Catalana Tres Bandes;3a DIVISIÓ;B;regular;C.B.LLIÇÀ D'AMUNT;Lliçà d'Amunt;carrer;96.6;193.2;75;verificat;;;0.19;36.71;4;True;100.0;136.71;1.1548;2016-09-12;12.56;14.5
2016-2017;2016-10-22;22/10/16;"Banyoles ""B""";Lliga Catalana Tres Bandes;3a DIVISIÓ;B;regular;C.B.VIC;Vic;carrer;88.7;177.4;69;verificat;;;0.19;33.71;4;True;100.0;133.71;1.1861;2016-10-17;11.53;13.68
2016-2017;2017-01-21;21/01/17;"Banyoles ""B""";Lliga Catalana Tres Bandes;3a DIVISIÓ;B;regular;C.B.LLINARS;Llinars del Vallès;carrer;77.7;155.4;60;verificat;;;0.19;29.53;4;True;100.0;129.53;1.2419;2017-01-16;10.1;12.54
2016-2017;2017-02-25;25/02/17;"Banyoles ""B""";Lliga Catalana Tres Bandes;3a DIVISIÓ;B;regular;C.B.SANT FELIU;Sant Feliu de Codines;municipi;116.1;232.2;86;verificat;;;0.19;44.12;4;True;100.0;144.12;1.2547;2017-02-20;15.09;18.94
2016-2017;2017-03-18;18/03/17;"Banyoles ""B""";Lliga Catalana Tres Bandes;3a DIVISIÓ;B;regular;S.B.P.E.CENTELLES;Centelles;carrer;108.3;216.6;82;verificat;;;0.19;41.15;4;True;100.0;141.15;1.2369;2017-03-13;14.08;17.41
2016-2017;2017-03-25;25/03/17;"Banyoles ""B""";Lliga Catalana Tres Bandes;3a DIVISIÓ;B;regular;C.B.CANET DE MAR;Canet de Mar;municipi;74.4;148.8;62;verificat;;;0.19;28.27;4;True;100.0;128.27;1.2176;2017-03-20;9.67;11.78
2016-2017;2017-04-29;29/04/17;"Banyoles ""B""";Lliga Catalana Tres Bandes;3a DIVISIÓ;B;regular;B.C.GRANOLLERS;Granollers;carrer;89.4;178.8;68;verificat;;;0.19;33.97;4;True;100.0;133.97;1.2576;2017-04-24;11.62;14.62
2017-2018;2017-09-16;16/09/17;Banyoles;Lliga Catalana Tres Bandes;1a DIVISIÓ;ÚNIC;regular;C.B.BARCELONA;Barcelona;portal;117.9;235.8;90;verificat;;;0.19;44.8;4;True;100.0;144.8;1.2177;2017-09-11;15.33;18.66
2017-2018;2017-10-21;21/10/17;Banyoles;Lliga Catalana Tres Bandes;1a DIVISIÓ;ÚNIC;regular;C.B.SANT BOI;Sant Boi de Llobregat;carrer;130.4;260.8;100;verificat;;;0.19;49.55;4;True;100.0;149.55;1.2035;2017-10-16;16.95;20.4
2017-2018;2017-11-11;11/11/17;Banyoles;Lliga Catalana Tres Bandes;1a DIVISIÓ;ÚNIC;regular;C.B.MONTMELÓ;Montmeló;municipi;96.2;192.4;72;verificat;;;0.19;36.56;4;True;100.0;136.56;1.2207;2017-11-06;12.51;15.27
2017-2018;2017-12-23;23/12/17;Banyoles;Lliga Catalana Tres Bandes;1a DIVISIÓ;ÚNIC;regular;C.B.MONFORTE;Barcelona;portal;111.6;223.2;82;verificat;;;0.19;42.41;4;True;100.0;142.41;1.2355;2017-12-18;14.51;17.92
2017-2018;2017-12-30;30/12/17;Banyoles;Lliga Catalana Tres Bandes;1a DIVISIÓ;ÚNIC;regular;C.B.MOLLET;Mollet del Vallès;carrer;98.3;196.6;71;verificat;;;0.19;37.35;4;True;100.0;137.35;1.2355;2017-12-18;12.78;15.79
2017-2018;2018-02-03;03/02/18;Banyoles;Lliga Catalana Tres Bandes;1a DIVISIÓ;ÚNIC;regular;C.B.VIC;Vic;carrer;88.7;177.4;69;verificat;;;0.19;33.71;4;True;100.0;133.71;1.256;2018-01-29;11.53;14.48
2017-2018;2018-03-10;10/03/18;Banyoles;Lliga Catalana Tres Bandes;1a DIVISIÓ;C;regular;C.B.SANTS;Barcelona;portal;120.1;240.2;93;verificat;;;0.19;45.64;4;True;100.0;145.64;1.2269;2018-03-05;15.61;19.16
2017-2018;2018-05-19;19/05/18;Banyoles;Copa Catalana per equips;2a Jornada;I;copa;C.B.SANT BOI;Sant Boi de Llobregat;carrer;130.4;260.8;100;verificat;;;0.19;49.55;3;True;75.0;124.55;1.3024;2018-05-14;16.95;22.08
2018-2019;2018-09-15;15/09/18;Banyoles;Lliga Catalana Tres Bandes;2a DIVISIÓ;B;regular;C.B.TARRAGONA;Tarragona;portal;205.5;411.0;144;verificat;;;0.19;78.09;4;True;100.0;178.09;1.3406;2018-09-10;26.71;35.81
2018-2019;2018-10-13;13/10/18;Banyoles;Lliga Catalana Tres Bandes;2a DIVISIÓ;B;regular;C.B.LLINARS;Llinars del Vallès;carrer;77.7;155.4;60;verificat;;;0.19;29.53;4;True;100.0;129.53;1.351;2018-10-08;10.1;13.65
2018-2019;2018-11-17;17/11/18;Banyoles;Lliga Catalana Tres Bandes;2a DIVISIÓ;B;regular;S.E.CASAL CERVERA;Cervera;municipi;189.3;378.6;133;verificat;;;0.19;71.93;4;True;100.0;171.93;1.3157;2018-11-12;24.61;32.38
2018-2019;2018-12-15;15/12/18;Banyoles;Lliga Catalana Tres Bandes;2a DIVISIÓ;B;regular;C.B.PRAT;El Prat de Llobregat;carrer;128.8;257.6;98;verificat;;;0.19;48.94;4;True;100.0;148.94;1.2242;2018-12-10;16.74;20.5
2018-2019;2019-01-12;12/01/19;Banyoles;Lliga Catalana Tres Bandes;2a DIVISIÓ;B;regular;C.B.BLANES;Blanes;carrer;59.3;118.6;53;verificat;;;0.19;22.53;4;True;100.0;122.53;1.1795;2019-01-07;7.71;9.09
2018-2019;2019-02-09;09/02/19;Banyoles;Lliga Catalana Tres Bandes;2a DIVISIÓ;B;regular;C.B.MONT-ROIG;Mont-roig del Camp;carrer;233.9;467.8;162;verificat;;;0.19;88.88;4;True;100.0;188.88;1.2265;2019-02-04;30.41;37.29
2018-2019;2019-03-09;09/03/19;Banyoles;Lliga Catalana Tres Bandes;2a DIVISIÓ;B;regular;C.B.VIC;Vic;carrer;88.7;177.4;69;verificat;;;0.19;33.71;4;True;100.0;133.71;1.2575;2019-03-04;11.53;14.5
2018-2019;2019-05-25;25/05/19;Banyoles;Copa Catalana per equips;2a Jornada;C;copa;S.B.LA GRAN PENYA;Vilanova i la Geltrú;portal;161.6;323.2;126;verificat;;;0.19;61.41;3;True;75.0;136.41;1.3546;2019-05-20;21.01;28.46
2018-2019;2019-06-15;15/06/19;Banyoles;Copa Catalana per equips;4a Jornada;A;copa;S.B.F.MOLINS;Molins de Rei;carrer;124.1;248.2;91;verificat;;;0.19;47.16;3;True;75.0;122.16;1.3252;2019-06-10;16.13;21.38
2019-2020;2019-10-05;05/10/19;"Banyoles ""A""";Lliga Catalana Tres Bandes;1a DIVISIÓ;A;regular;C.B.SANT ADRIÀ;Sant Adrià de Besòs;portal;112.4;224.8;82;verificat;;;0.19;42.71;4;True;100.0;142.71;1.321;2019-09-30;14.61;19.3
2019-2020;2019-11-09;09/11/19;"Banyoles ""A""";Lliga Catalana Tres Bandes;1a DIVISIÓ;A;regular;C.B.MATADEPERA;Matadepera;carrer;121.5;243.0;90;verificat;;;0.19;46.17;4;True;100.0;146.17;1.2966;2019-11-04;15.79;20.48
2019-2020;2019-11-30;30/11/19;"Banyoles ""A""";Lliga Catalana Tres Bandes;1a DIVISIÓ;A;regular;C.B.VIC;Vic;carrer;88.7;177.4;69;verificat;;;0.19;33.71;4;True;100.0;133.71;1.299;2019-11-25;11.53;14.98
2019-2020;2019-12-14;14/12/19;"Banyoles ""A""";Lliga Catalana Tres Bandes;1a DIVISIÓ;A;regular;C.B.MOLLET;Mollet del Vallès;carrer;98.3;196.6;71;verificat;;;0.19;37.35;4;True;100.0;137.35;1.3045;2019-12-09;12.78;16.67
2019-2020;2020-01-18;18/01/20;"Banyoles ""A""";Lliga Catalana Tres Bandes;1a DIVISIÓ;A;regular;C.B.SANTS;Barcelona;portal;120.1;240.2;93;verificat;;;0.19;45.64;4;True;100.0;145.64;1.326;2020-01-13;15.61;20.7
2019-2020;2019-10-26;26/10/19;"Banyoles ""B""";Lliga Catalana Tres Bandes;4a DIVISIÓ;B;regular;C.B.LLINARS;Llinars del Vallès;carrer;77.7;155.4;60;verificat;;;0.19;29.53;4;True;100.0;129.53;1.3023;2019-10-21;10.1;13.15
2019-2020;2019-11-09;09/11/19;"Banyoles ""B""";Lliga Catalana Tres Bandes;4a DIVISIÓ;B;regular;C.B.CANET DE MAR;Canet de Mar;municipi;74.4;148.8;62;verificat;;;0.19;28.27;4;True;100.0;128.27;1.2966;2019-11-04;9.67;12.54
2019-2020;2019-11-16;16/11/19;"Banyoles ""B""";Lliga Catalana Tres Bandes;4a DIVISIÓ;B;regular;C.B.MATARÓ;Mataró;carrer;85.9;171.8;68;verificat;;;0.19;32.64;4;True;100.0;132.64;1.2995;2019-11-11;11.17;14.51
2019-2020;2019-11-30;30/11/19;"Banyoles ""B""";Lliga Catalana Tres Bandes;4a DIVISIÓ;B;regular;C.B.SANT FELIU;Sant Feliu de Codines;municipi;116.1;232.2;86;verificat;;;0.19;44.12;4;True;100.0;144.12;1.299;2019-11-25;15.09;19.61
2019-2020;2019-12-14;14/12/19;"Banyoles ""B""";Lliga Catalana Tres Bandes;4a DIVISIÓ;B;regular;CASINO OLOTÍ;Olot;portal;35.5;71.0;34;verificat;;;0.19;13.49;4;False;0.0;13.49;1.3045;2019-12-09;4.62;6.02
2019-2020;2020-01-04;04/01/20;"Banyoles ""B""";Lliga Catalana Tres Bandes;4a DIVISIÓ;B;regular;C.B.VIC;Vic;carrer;88.7;177.4;69;verificat;;;0.19;33.71;4;True;100.0;133.71;1.303;2019-12-16;11.53;15.02
2019-2020;2020-01-18;18/01/20;"Banyoles ""B""";Lliga Catalana Tres Bandes;4a DIVISIÓ;B;regular;B.C.GRANOLLERS;Granollers;carrer;89.4;178.8;68;verificat;;;0.19;33.97;4;True;100.0;133.97;1.326;2020-01-13;11.62;15.41
2021-2022;2021-10-02;02/10/21;"Banyoles ""A""";Lliga Catalana Tres Bandes;2a DIVISIÓ;A;regular;C.B.BLANES;Blanes;carrer;59.3;118.6;53;verificat;;;0.19;22.53;4;True;100.0;122.53;1.4375;2021-09-27;7.71;11.08
2021-2022;2021-10-30;30/10/21;"Banyoles ""A""";Lliga Catalana Tres Bandes;2a DIVISIÓ;A;regular;S.B.F.MOLINS;Molins de Rei;carrer;124.1;248.2;91;verificat;;;0.19;47.16;4;True;100.0;147.16;1.4972;2021-10-25;16.13;24.15
2021-2022;2021-12-11;11/12/21;"Banyoles ""A""";Lliga Catalana Tres Bandes;2a DIVISIÓ;A;regular;C.B.SANTS;Barcelona;portal;120.1;240.2;93;verificat;;;0.19;45.64;4;True;100.0;145.64;1.488;2021-12-06;15.61;23.23
2021-2022;2022-01-22;22/01/22;"Banyoles ""A""";Lliga Catalana Tres Bandes;2a DIVISIÓ;A;regular;C.B.ALBA;Badalona;carrer;107.5;215.0;83;verificat;;;0.19;40.85;4;True;100.0;140.85;1.5023;2022-01-17;13.97;20.99
2021-2022;2022-02-05;05/02/22;"Banyoles ""A""";Lliga Catalana Tres Bandes;2a DIVISIÓ;A;regular;B.C.GRANOLLERS;Granollers;carrer;89.4;178.8;68;verificat;;;0.19;33.97;4;True;100.0;133.97;1.538;2022-01-31;11.62;17.87
2021-2022;2022-02-26;26/02/22;"Banyoles ""A""";Lliga Catalana Tres Bandes;2a DIVISIÓ;A;regular;C.B.LLEIDA;Lleida;carrer;247.7;495.4;170;verificat;;;0.19;94.13;4;True;100.0;194.13;1.5917;2022-02-21;32.2;51.25
2021-2022;2022-03-26;26/03/22;"Banyoles ""A""";Lliga Catalana Tres Bandes;2a DIVISIÓ;A;regular;C.B.CANET DE MAR;Canet de Mar;municipi;74.4;148.8;62;verificat;;;0.19;28.27;4;True;100.0;128.27;1.8134;2022-03-21;9.67;17.54
2021-2022;2022-04-09;09/04/22;"Banyoles ""A""";Lliga Catalana Tres Bandes;2a DIVISIÓ;A;regular;C.B.LLINARS;Llinars del Vallès;carrer;77.7;155.4;60;verificat;;;0.19;29.53;4;True;100.0;129.53;1.813;2022-04-04;10.1;18.31
2021-2022;2022-07-03;03/07/22;"Banyoles ""A""";Lliga Catalana Tres Bandes;PROMOCIÓ A 1a;ÚNIC;promocio;C.B.PRAT;El Prat de Llobregat;carrer;128.8;257.6;98;verificat;;;0.19;48.94;4;True;100.0;148.94;2.1286;2022-06-27;16.74;35.64
2021-2022;2021-09-18;18/09/21;"Banyoles ""B""";Lliga Catalana Tres Bandes;4a DIVISIÓ;B;regular;C.B.2000 CERDANYOLA;Cerdanyola del Vallès;carrer;109.8;219.6;82;verificat;;;0.19;41.72;4;True;100.0;141.72;1.4287;2021-09-13;14.27;20.39
2021-2022;2021-11-20;20/11/21;"Banyoles ""B""";Lliga Catalana Tres Bandes;4a DIVISIÓ;B;regular;C.B.SANTS;Barcelona;portal;120.1;240.2;93;verificat;;;0.19;45.64;4;True;100.0;145.64;1.513;2021-11-15;15.61;23.62
2021-2022;2021-12-18;18/12/21;"Banyoles ""B""";Lliga Catalana Tres Bandes;4a DIVISIÓ;B;regular;B.LA UNIÓ CORAL;Sant Feliu de Llobregat;carrer;125.2;250.4;95;incompareixenca;0-8: no s'hi presenta el Banyoles;;0.0;0.0;0;False;0.0;0.0;1.4795;2021-12-13;16.28;24.08
2021-2022;2022-01-08;08/01/22;"Banyoles ""B""";Lliga Catalana Tres Bandes;4a DIVISIÓ;B;regular;S.B.P.E.CENTELLES;Centelles;carrer;108.3;216.6;82;verificat;;;0.19;41.15;4;True;100.0;141.15;1.4796;2022-01-03;14.08;20.83
2021-2022;2022-01-22;22/01/22;"Banyoles ""B""";Lliga Catalana Tres Bandes;4a DIVISIÓ;B;regular;C.B.SANT ADRIÀ;Sant Adrià de Besòs;portal;112.4;224.8;82;verificat;;;0.19;42.71;4;True;100.0;142.71;1.5023;2022-01-17;14.61;21.95
2021-2022;2022-02-26;26/02/22;"Banyoles ""B""";Lliga Catalana Tres Bandes;4a DIVISIÓ;B;regular;C.B.MONFORTE;Barcelona;portal;111.6;223.2;82;verificat;;;0.19;42.41;4;True;100.0;142.41;1.5917;2022-02-21;14.51;23.09
2021-2022;2022-03-19;19/03/22;"Banyoles ""B""";Lliga Catalana Tres Bandes;4a DIVISIÓ;B;regular;C.B.TARRAGONA;Tarragona;portal;205.5;411.0;144;verificat;;;0.19;78.09;4;True;100.0;178.09;1.8446;2022-03-14;26.71;49.28
2021-2022;2022-04-02;02/04/22;"Banyoles ""B""";Lliga Catalana Tres Bandes;4a DIVISIÓ;B;regular;C.B.SANT FELIU;Sant Feliu de Codines;municipi;116.1;232.2;86;verificat;;;0.19;44.12;4;True;100.0;144.12;1.8182;2022-03-28;15.09;27.44
2022-2023;2022-09-10;10/09/22;"Banyoles ""A""";Lliga Catalana Tres Bandes;1a DIVISIÓ;B;regular;C.B.BARCELONA;Barcelona;portal;117.9;235.8;90;verificat;;;0.19;44.8;4;True;100.0;144.8;1.7796;2022-09-05;15.33;27.28
2022-2023;2022-10-08;08/10/22;"Banyoles ""A""";Lliga Catalana Tres Bandes;1a DIVISIÓ;B;regular;S.B.F.MOLINS;Molins de Rei;carrer;124.1;248.2;91;verificat;;;0.19;47.16;4;True;100.0;147.16;1.6765;2022-10-03;16.13;27.05
2022-2023;2022-11-12;12/11/22;"Banyoles ""A""";Lliga Catalana Tres Bandes;1a DIVISIÓ;B;regular;C.B.TARRAGONA;Tarragona;portal;205.5;411.0;144;verificat;;;0.19;78.09;4;True;100.0;178.09;1.7713;2022-11-07;26.71;47.32
2022-2023;2022-12-10;10/12/22;"Banyoles ""A""";Lliga Catalana Tres Bandes;1a DIVISIÓ;B;regular;C.B.MOLLET;Mollet del Vallès;carrer;98.3;196.6;71;verificat;;;0.19;37.35;4;True;100.0;137.35;1.688;2022-12-05;12.78;21.57
2022-2023;2023-01-21;21/01/23;"Banyoles ""A""";Lliga Catalana Tres Bandes;1a DIVISIÓ;B;regular;C.B.SANT ADRIÀ;Sant Adrià de Besòs;portal;112.4;224.8;82;verificat;;;0.19;42.71;4;True;100.0;142.71;1.6193;2023-01-16;14.61;23.66
2022-2023;2023-05-13;13/05/23;"Banyoles ""A""";Lliga Catalana Tres Bandes;1a DIVISIÓ;FINAL;final;B.C.GRANOLLERS;Granollers;carrer;89.4;178.8;68;verificat;;;0.19;33.97;4;True;100.0;133.97;1.5993;2023-05-08;11.62;18.59
2022-2023;2022-10-08;08/10/22;"Banyoles ""B""";Lliga Catalana Tres Bandes;4a DIVISIÓ;D;regular;S.B. GEiEG;Girona;carrer;27.4;54.8;28;verificat;;;0.19;10.41;4;False;0.0;10.41;1.6765;2022-10-03;3.56;5.97
2022-2023;2022-10-29;29/10/22;"Banyoles ""B""";Lliga Catalana Tres Bandes;4a DIVISIÓ;D;regular;C.B.MANRESA;Manresa;carrer;135.4;270.8;99;verificat;;;0.19;51.45;4;True;100.0;151.45;1.7633;2022-10-24;17.6;31.04
2022-2023;2022-11-12;12/11/22;"Banyoles ""B""";Lliga Catalana Tres Bandes;4a DIVISIÓ;D;regular;C.B.LLIÇÀ D'AMUNT;Lliçà d'Amunt;carrer;96.6;193.2;75;verificat;;;0.19;36.71;4;True;100.0;136.71;1.7713;2022-11-07;12.56;22.24
2022-2023;2022-11-26;26/11/22;"Banyoles ""B""";Lliga Catalana Tres Bandes;4a DIVISIÓ;D;regular;C.B.CANET DE MAR;Canet de Mar;municipi;74.4;148.8;62;verificat;;;0.19;28.27;4;True;100.0;128.27;1.7647;2022-11-21;9.67;17.07
2022-2023;2022-12-17;17/12/22;"Banyoles ""B""";Lliga Catalana Tres Bandes;4a DIVISIÓ;D;regular;C.B.SANTS;Barcelona;portal;120.1;240.2;93;verificat;;;0.19;45.64;4;True;100.0;145.64;1.6422;2022-12-12;15.61;25.64
2022-2023;2023-01-21;21/01/23;"Banyoles ""B""";Lliga Catalana Tres Bandes;4a DIVISIÓ;D;regular;C.B.MATARÓ;Mataró;carrer;85.9;171.8;68;verificat;;;0.19;32.64;4;True;100.0;132.64;1.6193;2023-01-16;11.17;18.08
2022-2023;2023-05-13;13/05/23;"Banyoles ""B""";Lliga Catalana Tres Bandes;4a DIVISIÓ;QUARTS DE FINAL;final;C.B.LLINARS;Llinars del Vallès;carrer;77.7;155.4;60;verificat;tota la fase final de 4a divisió es va disputar a Llinars segons el record del club;C.B.MONFORTE;0.19;29.53;4;True;100.0;129.53;1.5993;2023-05-08;10.1;16.15
2022-2023;2023-05-14;14/05/23;"Banyoles ""B""";Lliga Catalana Tres Bandes;4a DIVISIÓ;SEMIFINALS;final;C.B.LLINARS;Llinars del Vallès;carrer;77.7;155.4;60;verificat;tota la fase final de 4a divisió es va disputar a Llinars segons el record del club;;0.19;29.53;4;True;100.0;129.53;1.5993;2023-05-08;10.1;16.15
2022-2023;2023-05-28;28/05/23;"Banyoles ""B""";Lliga Catalana Tres Bandes;PROMOCIÓ A 3a;ÚNIC;promocio;C.B.BLANES;Blanes;carrer;59.3;118.6;53;verificat;;;0.19;22.53;4;True;100.0;122.53;1.5765;2023-05-22;7.71;12.15
2023-2024;2023-09-23;23/09/23;"Banyoles ""A""";Lliga Catalana Tres Bandes;1a DIVISIÓ;A;regular;B.C.GRANOLLERS;Granollers;carrer;89.4;178.8;68;verificat;;;0.26;46.49;4;True;100.0;146.49;1.7515;2023-09-18;11.62;20.36
2023-2024;2023-11-04;04/11/23;"Banyoles ""A""";Lliga Catalana Tres Bandes;1a DIVISIÓ;A;regular;C.B.MOLLET;Mollet del Vallès;carrer;98.3;196.6;71;verificat;;;0.26;51.12;4;True;100.0;151.12;1.6521;2023-10-30;12.78;21.11
2023-2024;2023-11-25;25/11/23;"Banyoles ""A""";Lliga Catalana Tres Bandes;1a DIVISIÓ;A;regular;C.B.MATARÓ;Mataró;carrer;85.9;171.8;68;verificat;;;0.26;44.67;4;True;100.0;144.67;1.6;2023-11-20;11.17;17.87
2023-2024;2023-12-30;30/12/23;"Banyoles ""A""";Lliga Catalana Tres Bandes;1a DIVISIÓ;A;regular;C.B.SANT BOI;Sant Boi de Llobregat;carrer;130.4;260.8;100;verificat;;;0.26;67.81;4;True;100.0;167.81;1.532;2023-12-25;16.95;25.97
2023-2024;2024-01-13;13/01/24;"Banyoles ""A""";Lliga Catalana Tres Bandes;1a DIVISIÓ;A;regular;C.B.MONFORTE;Barcelona;portal;111.6;223.2;82;verificat;;;0.26;58.03;4;True;100.0;158.03;1.5359;2024-01-08;14.51;22.28
2023-2024;2024-05-25;25/05/24;"Banyoles ""A""";Lliga Catalana Tres Bandes;PROMOCIÓ A 1a;ÚNIC;promocio;S.B.F.MOLINS;Molins de Rei;carrer;124.1;248.2;91;verificat;;;0.26;64.53;4;True;100.0;164.53;1.658;2024-05-20;16.13;26.75
2023-2024;2023-09-16;16/09/23;"Banyoles ""B""";Lliga Catalana Tres Bandes;3a DIVISIÓ;B;regular;C.B.MATARÓ;Mataró;carrer;85.9;171.8;68;verificat;;;0.26;44.67;4;True;100.0;144.67;1.7352;2023-09-11;11.17;19.38
2023-2024;2023-09-23;23/09/23;"Banyoles ""B""";Lliga Catalana Tres Bandes;3a DIVISIÓ;B;regular;C.B.LLIÇÀ D'AMUNT;Lliçà d'Amunt;carrer;96.6;193.2;75;verificat;;;0.26;50.23;4;True;100.0;150.23;1.7515;2023-09-18;12.56;22.0
2023-2024;2023-10-21;21/10/23;"Banyoles ""B""";Lliga Catalana Tres Bandes;3a DIVISIÓ;B;regular;C.B.SANT BOI;Sant Boi de Llobregat;carrer;130.4;260.8;100;verificat;;;0.26;67.81;4;True;100.0;167.81;1.6795;2023-10-16;16.95;28.47
2023-2024;2023-12-16;16/12/23;"Banyoles ""B""";Lliga Catalana Tres Bandes;3a DIVISIÓ;B;regular;C.B.MOLLET;Mollet del Vallès;carrer;98.3;196.6;71;verificat;;;0.26;51.12;4;True;100.0;151.12;1.5579;2023-12-11;12.78;19.91
2023-2024;2024-01-20;20/01/24;"Banyoles ""B""";Lliga Catalana Tres Bandes;3a DIVISIÓ;B;regular;S.B.F.MOLINS;Molins de Rei;carrer;124.1;248.2;91;verificat;;;0.26;64.53;4;True;100.0;164.53;1.5352;2024-01-15;16.13;24.77
2023-2024;2024-02-17;17/02/24;"Banyoles ""B""";Lliga Catalana Tres Bandes;3a DIVISIÓ;B;regular;C.B.SANT ADRIÀ;Sant Adrià de Besòs;portal;112.4;224.8;82;verificat;;;0.26;58.45;4;True;100.0;158.45;1.5722;2024-02-12;14.61;22.97
2023-2024;2024-03-02;02/03/24;"Banyoles ""B""";Lliga Catalana Tres Bandes;3a DIVISIÓ;B;regular;C.B.BARCELONA;Barcelona;portal;117.9;235.8;90;verificat;;;0.26;61.31;4;True;100.0;161.31;1.6059;2024-02-26;15.33;24.61
2023-2024;2024-06-08;08/06/24;Banyoles;Copa Catalana per equips;1a Jornada;C;copa;B.C.GRANOLLERS;Granollers;carrer;89.4;178.8;68;verificat;;;0.26;46.49;3;True;75.0;121.49;1.6402;2024-06-03;11.62;19.06
2024-2025;2024-10-26;26/10/24;"Banyoles ""A""";Lliga Catalana Tres Bandes;1a DIVISIÓ;A;regular;C.B.PRAT;El Prat de Llobregat;carrer;128.8;257.6;98;verificat;;;0.26;66.98;4;True;100.0;166.98;1.5054;2024-10-21;16.74;25.21
2024-2025;2024-12-14;14/12/24;"Banyoles ""A""";Lliga Catalana Tres Bandes;1a DIVISIÓ;A;regular;C.B.MONFORTE;Barcelona;portal;111.6;223.2;82;verificat;;;0.26;58.03;4;True;100.0;158.03;1.5135;2024-12-09;14.51;21.96
2024-2025;2024-12-21;21/12/24;"Banyoles ""A""";Lliga Catalana Tres Bandes;1a DIVISIÓ;A;regular;C.B.OLESA;Olesa de Montserrat;carrer;130.6;261.2;96;verificat;;;0.26;67.91;4;True;100.0;167.91;1.5152;2024-12-16;16.98;25.73
2024-2025;2025-01-18;18/01/25;"Banyoles ""A""";Lliga Catalana Tres Bandes;1a DIVISIÓ;A;regular;C.B.SANT BOI;Sant Boi de Llobregat;carrer;130.4;260.8;100;incompareixenca;8-0 a favor: no s'hi presenta el Sant Boi;;0.0;0.0;0;False;0.0;0.0;1.5518;2025-01-13;16.95;26.31
2024-2025;2025-02-22;22/02/25;"Banyoles ""A""";Lliga Catalana Tres Bandes;1a DIVISIÓ;A;regular;S.B.F.MOLINS;Molins de Rei;carrer;124.1;248.2;91;verificat;;;0.26;64.53;4;True;100.0;164.53;1.5738;2025-02-17;16.13;25.39
2024-2025;2025-03-01;01/03/25;"Banyoles ""A""";Lliga Catalana Tres Bandes;1a DIVISIÓ;A;regular;C.B.2000 CERDANYOLA;Cerdanyola del Vallès;carrer;109.8;219.6;82;verificat;;;0.26;57.1;4;True;100.0;157.1;1.5705;2025-02-24;14.27;22.42
2024-2025;2025-04-12;12/04/25;"Banyoles ""A""";Lliga Catalana Tres Bandes;1a DIVISIÓ;A;regular;C.B.LLEIDA;Lleida;carrer;247.7;495.4;170;verificat;;;0.26;128.8;4;True;100.0;228.8;1.5171;2025-04-07;32.2;48.85
2024-2025;2024-10-05;05/10/24;"Banyoles ""B""";Lliga Catalana Tres Bandes;2a DIVISIÓ;A;regular;C.B.LLIÇÀ D'AMUNT;Lliçà d'Amunt;carrer;96.6;193.2;75;verificat;;;0.26;50.23;4;True;100.0;150.23;1.4826;2024-09-30;12.56;18.62
2024-2025;2024-11-23;23/11/24;"Banyoles ""B""";Lliga Catalana Tres Bandes;2a DIVISIÓ;A;regular;C.B.BLANES;Blanes;carrer;59.3;118.6;53;verificat;;;0.26;30.84;4;True;100.0;130.84;1.5048;2024-11-18;7.71;11.6
2024-2025;2025-01-11;11/01/25;"Banyoles ""B""";Lliga Catalana Tres Bandes;2a DIVISIÓ;A;regular;C.B.MATARÓ;Mataró;carrer;85.9;171.8;68;verificat;;;0.26;44.67;4;True;100.0;144.67;1.5362;2025-01-06;11.17;17.15
2024-2025;2025-02-08;08/02/25;"Banyoles ""B""";Lliga Catalana Tres Bandes;2a DIVISIÓ;A;regular;C.B.PREMIÀ;Premià de Mar;carrer;97.6;195.2;78;verificat;;;0.26;50.75;4;True;100.0;150.75;1.573;2025-02-03;12.69;19.96
2024-2025;2025-02-22;22/02/25;"Banyoles ""B""";Lliga Catalana Tres Bandes;2a DIVISIÓ;A;regular;C.B.SANT BOI;Sant Boi de Llobregat;carrer;130.4;260.8;100;verificat;;;0.26;67.81;4;True;100.0;167.81;1.5738;2025-02-17;16.95;26.68
2024-2025;2025-03-15;15/03/25;"Banyoles ""B""";Lliga Catalana Tres Bandes;2a DIVISIÓ;A;regular;C.B.MONFORTE;Barcelona;portal;111.6;223.2;82;verificat;;;0.26;58.03;4;True;100.0;158.03;1.5408;2025-03-10;14.51;22.35
2024-2025;2025-04-05;05/04/25;"Banyoles ""B""";Lliga Catalana Tres Bandes;2a DIVISIÓ;A;regular;S.B.CORAL COLÓN;Sabadell;carrer;109.0;218.0;84;verificat;;;0.26;56.68;4;True;100.0;156.68;1.5114;2025-03-31;14.17;21.42
2024-2025;2024-09-14;14/09/24;"Banyoles ""C""";Lliga Catalana Tres Bandes;4a DIVISIÓ;A;regular;C.B.MONFORTE;Barcelona;portal;111.6;223.2;82;verificat;;;0.26;58.03;4;True;100.0;158.03;1.5303;2024-09-09;14.51;22.2
2024-2025;2024-11-09;09/11/24;"Banyoles ""C""";Lliga Catalana Tres Bandes;4a DIVISIÓ;A;regular;C.B.VIC;Vic;carrer;88.7;177.4;69;verificat;;;0.26;46.12;4;True;100.0;146.12;1.5046;2024-11-04;11.53;17.35
2024-2025;2024-12-14;14/12/24;"Banyoles ""C""";Lliga Catalana Tres Bandes;4a DIVISIÓ;A;regular;C.B.SANTS;Barcelona;portal;120.1;240.2;93;incompareixenca;0-8: no s'hi presenta el Banyoles;;0.0;0.0;0;False;0.0;0.0;1.5135;2024-12-09;15.61;23.63
2024-2025;2025-01-18;18/01/25;"Banyoles ""C""";Lliga Catalana Tres Bandes;4a DIVISIÓ;A;regular;C.B.SANT BOI;Sant Boi de Llobregat;carrer;130.4;260.8;100;verificat;;;0.26;67.81;4;True;100.0;167.81;1.5518;2025-01-13;16.95;26.31
2024-2025;2025-02-08;08/02/25;"Banyoles ""C""";Lliga Catalana Tres Bandes;4a DIVISIÓ;A;regular;S.B.CORAL COLÓN;Sabadell;carrer;109.0;218.0;84;verificat;;;0.26;56.68;4;True;100.0;156.68;1.573;2025-02-03;14.17;22.29
2024-2025;2025-02-22;22/02/25;"Banyoles ""C""";Lliga Catalana Tres Bandes;4a DIVISIÓ;A;regular;S.B.F.MOLINS;Molins de Rei;carrer;124.1;248.2;91;verificat;;;0.26;64.53;4;True;100.0;164.53;1.5738;2025-02-17;16.13;25.39
2024-2025;2025-03-15;15/03/25;"Banyoles ""C""";Lliga Catalana Tres Bandes;4a DIVISIÓ;A;regular;C.B. BORGES;Les Borges Blanques;carrer;231.3;462.6;166;verificat;;;0.26;120.28;4;True;100.0;220.28;1.5408;2025-03-10;30.07;46.33
2024-2025;2025-04-12;12/04/25;"Banyoles ""C""";Lliga Catalana Tres Bandes;4a DIVISIÓ;A;regular;C.B.LLINARS;Llinars del Vallès;carrer;77.7;155.4;60;verificat;;;0.26;40.4;4;True;100.0;140.4;1.5171;2025-04-07;10.1;15.32
2024-2025;2025-06-07;07/06/25;Banyoles;Copa Catalana per equips;1a Jornada;D;copa;B.LA UNIÓ CORAL;Sant Feliu de Llobregat;carrer;125.2;250.4;95;verificat;;;0.26;65.1;3;True;75.0;140.1;1.4588;2025-06-02;16.28;23.74
2025-2026;2025-10-11;11/10/25;"Banyoles ""A""";Lliga Catalana Tres Bandes;HONOR;B;regular;C.B.MOLLET;Mollet del Vallès;carrer;98.3;196.6;71;verificat;;;0.26;51.12;4;True;100.0;151.12;1.4817;2025-10-06;12.78;18.93
2025-2026;2025-11-15;15/11/25;"Banyoles ""A""";Lliga Catalana Tres Bandes;HONOR;B;regular;C.B.BARCELONA;Barcelona;portal;117.9;235.8;90;verificat;;;0.26;61.31;4;True;100.0;161.31;1.4771;2025-11-10;15.33;22.64
2025-2026;2026-01-17;17/01/26;"Banyoles ""A""";Lliga Catalana Tres Bandes;HONOR;B;regular;C.B.MONFORTE;Barcelona;portal;111.6;223.2;82;verificat;;;0.26;58.03;4;True;100.0;158.03;1.4364;2026-01-12;14.51;20.84
2025-2026;2026-02-07;07/02/26;"Banyoles ""A""";Lliga Catalana Tres Bandes;HONOR;B;regular;S.B.P.E.CENTELLES;Centelles;carrer;108.3;216.6;82;verificat;;;0.26;56.32;4;True;100.0;156.32;1.4523;2026-02-02;14.08;20.45
2025-2026;2026-02-21;21/02/26;"Banyoles ""A""";Lliga Catalana Tres Bandes;HONOR;B;regular;B.C.GRANOLLERS;Granollers;carrer;89.4;178.8;68;verificat;;;0.26;46.49;4;True;100.0;146.49;1.4648;2026-02-16;11.62;17.02
2025-2026;2026-03-28;28/03/26;"Banyoles ""A""";Lliga Catalana Tres Bandes;HONOR;B;regular;C.B.MONT-ROIG;Mont-roig del Camp;carrer;233.9;467.8;162;verificat;;;0.26;121.63;4;True;100.0;221.63;1.733;2026-03-23;30.41;52.7
2025-2026;2026-04-25;25/04/26;"Banyoles ""A""";Lliga Catalana Tres Bandes;HONOR;B;regular;B.C.GRANOLLERS;Granollers;carrer;89.4;178.8;68;verificat;;;0.26;46.49;4;True;100.0;146.49;1.517;2026-04-20;11.62;17.63
2025-2026;2025-11-01;01/11/25;"Banyoles ""B""";Lliga Catalana Tres Bandes;2a DIVISIÓ;B;regular;C.B.MONT-ROIG;Mont-roig del Camp;carrer;233.9;467.8;162;verificat;;;0.26;121.63;4;True;100.0;221.63;1.4648;2025-10-27;30.41;44.54
2025-2026;2025-11-15;15/11/25;"Banyoles ""B""";Lliga Catalana Tres Bandes;2a DIVISIÓ;B;regular;S.B.F.MOLINS;Molins de Rei;carrer;124.1;248.2;91;verificat;;;0.26;64.53;4;True;100.0;164.53;1.4771;2025-11-10;16.13;23.83
2025-2026;2026-01-17;17/01/26;"Banyoles ""B""";Lliga Catalana Tres Bandes;2a DIVISIÓ;B;regular;C.B.SANT BOI;Sant Boi de Llobregat;carrer;130.4;260.8;100;verificat;;;0.26;67.81;4;True;100.0;167.81;1.4364;2026-01-12;16.95;24.35
2025-2026;2026-01-24;24/01/26;"Banyoles ""B""";Lliga Catalana Tres Bandes;2a DIVISIÓ;B;regular;C.B.SANT ADRIÀ;Sant Adrià de Besòs;portal;112.4;224.8;82;verificat;;;0.26;58.45;4;True;100.0;158.45;1.44;2026-01-19;14.61;21.04
2025-2026;2026-02-21;21/02/26;"Banyoles ""B""";Lliga Catalana Tres Bandes;2a DIVISIÓ;B;regular;C.B.PREMIÀ;Premià de Mar;carrer;97.6;195.2;78;verificat;;;0.26;50.75;4;True;100.0;150.75;1.4648;2026-02-16;12.69;18.59
2025-2026;2026-03-28;28/03/26;"Banyoles ""B""";Lliga Catalana Tres Bandes;2a DIVISIÓ;B;regular;C.B.LLIÇÀ D'AMUNT;Lliçà d'Amunt;carrer;96.6;193.2;75;verificat;;;0.26;50.23;4;True;100.0;150.23;1.733;2026-03-23;12.56;21.76
2025-2026;2026-04-25;25/04/26;"Banyoles ""B""";Lliga Catalana Tres Bandes;2a DIVISIÓ;B;regular;C.B.ALBA;Badalona;carrer;107.5;215.0;83;verificat;;;0.26;55.9;4;True;100.0;155.9;1.517;2026-04-20;13.97;21.2
2025-2026;2025-09-06;06/09/25;"Banyoles ""C""";Lliga Catalana Tres Bandes;4a DIVISIÓ;A;regular;C.B.CANET DE MAR;Canet de Mar;municipi;74.4;148.8;62;verificat;;;0.26;38.69;4;True;100.0;138.69;1.4777;2025-09-01;9.67;14.29
2025-2026;2025-09-13;13/09/25;"Banyoles ""C""";Lliga Catalana Tres Bandes;4a DIVISIÓ;A;regular;C.B.LLINARS;Llinars del Vallès;carrer;77.7;155.4;60;verificat;;;0.26;40.4;4;True;100.0;140.4;1.48;2025-09-08;10.1;14.95
2025-2026;2025-10-11;11/10/25;"Banyoles ""C""";Lliga Catalana Tres Bandes;4a DIVISIÓ;A;regular;B.LA UNIÓ CORAL;Sant Feliu de Llobregat;carrer;125.2;250.4;95;verificat;;;0.26;65.1;4;True;100.0;165.1;1.4817;2025-10-06;16.28;24.12
2025-2026;2025-11-08;08/11/25;"Banyoles ""C""";Lliga Catalana Tres Bandes;4a DIVISIÓ;A;regular;C.B.LLINARS;Llinars del Vallès;carrer;77.7;155.4;60;verificat;;;0.26;40.4;4;True;100.0;140.4;1.4721;2025-11-03;10.1;14.87
2025-2026;2025-11-15;15/11/25;"Banyoles ""C""";Lliga Catalana Tres Bandes;4a DIVISIÓ;A;regular;C.B.2000 CERDANYOLA;Cerdanyola del Vallès;carrer;109.8;219.6;82;verificat;;;0.26;57.1;4;True;100.0;157.1;1.4771;2025-11-10;14.27;21.08
2025-2026;2026-02-07;07/02/26;"Banyoles ""C""";Lliga Catalana Tres Bandes;4a DIVISIÓ;A;regular;C.B.MONT-ROIG;Mont-roig del Camp;carrer;233.9;467.8;162;verificat;;;0.26;121.63;4;True;100.0;221.63;1.4523;2026-02-02;30.41;44.16
2025-2026;2026-03-21;21/03/26;"Banyoles ""C""";Lliga Catalana Tres Bandes;4a DIVISIÓ;A;regular;C.B.MATARÓ;Mataró;carrer;85.9;171.8;68;verificat;;;0.26;44.67;4;True;100.0;144.67;1.7087;2026-03-16;11.17;19.08
2025-2026;2026-05-02;02/05/26;"Banyoles ""C""";Lliga Catalana Tres Bandes;4a DIVISIÓ;A;regular;S.B.LA GRAN PENYA;Vilanova i la Geltrú;portal;161.6;323.2;126;verificat;;;0.26;84.03;4;True;100.0;184.03;1.5038;2026-04-27;21.01;31.59
2025-2026;2026-05-09;09/05/26;"Banyoles ""C""";Lliga Catalana Tres Bandes;4a DIVISIÓ;A;regular;C.B.MONFORTE;Barcelona;portal;111.6;223.2;82;verificat;;;0.26;58.03;4;True;100.0;158.03;1.5282;2026-05-04;14.51;22.17
2025-2026;2026-05-30;30/05/26;Banyoles;Copa Catalana per equips;2a Jornada;E;copa;S.B.CORAL COLÓN;Sabadell;carrer;109.0;218.0;84;verificat;;;0.26;56.68;3;True;75.0;131.68;1.5683;2026-05-25;14.17;22.22
2025-2026;2026-06-06;06/06/26;Banyoles;Copa Catalana per equips;3a Jornada;C;copa;C.B.MATARÓ;Mataró;carrer;85.9;171.8;68;verificat;;;0.26;44.67;3;True;75.0;119.67;1.5477;2026-06-01;11.17;17.28
